avg_loss,epoch,step
0.16392815113067627,0,599
0.12070635706186295,1,1199
