avg_loss,epoch,step
0.16686788201332092,0,599
0.12519706785678864,1,1199
