avg_loss,epoch,step
0.15986859798431396,0,599
0.11300931125879288,1,1199
