avg_loss,epoch,step
0.16759219765663147,0,599
0.12222740799188614,1,1199
